{"cameraMode":{"drawMode":0,"name":"Shaded","section":"Shading Mode"},"sceneLighting":true,"audioPlay":false,"sceneViewState":{"m_AlwaysRefresh":false,"showFog":true,"showSkybox":true,"showFlares":true,"showImageEffects":true,"showParticleSystems":true,"showVisualEffectGraphs":true,"m_FxEnabled":true},"in2DMode":false,"pivot":{"x":50.625205993652347,"y":69.45211791992188,"z":-88.70011138916016},"rotation":{"x":0.1224927082657814,"y":0.08949150890111923,"z":-0.011100832372903824,"w":0.9883216619491577},"size":1.3229957818984986,"orthographic":false}